<?xml version="1.0" encoding="UTF-8"?>
<!DOCTYPE editor-preferences PUBLIC "-//NetBeans//DTD Editor Preferences 1.0//EN" "http://www.netbeans.org/dtds/EditorPreferences-1_0.dtd">
<editor-preferences>
    <entry javaType="java.lang.Boolean" name="alignMultilineAnnotationArgs" xml:space="preserve"><value><![CDATA[true]]></value></entry>
    <entry javaType="java.lang.Boolean" name="alignMultilineArrayInit" xml:space="preserve"><value><![CDATA[true]]></value></entry>
    <entry javaType="java.lang.Boolean" name="alignMultilineBinaryOp" xml:space="preserve"><value><![CDATA[true]]></value></entry>
    <entry javaType="java.lang.Boolean" name="alignMultilineCallArgs" xml:space="preserve"><value><![CDATA[true]]></value></entry>
    <entry javaType="java.lang.Boolean" name="alignMultilineDisjunctiveCatchTypes" xml:space="preserve"><value><![CDATA[true]]></value></entry>
    <entry javaType="java.lang.Boolean" name="alignMultilineFor" xml:space="preserve"><value><![CDATA[true]]></value></entry>
    <entry javaType="java.lang.Boolean" name="alignMultilineLambdaParams" xml:space="preserve"><value><![CDATA[true]]></value></entry>
    <entry javaType="java.lang.Boolean" name="alignMultilineMethodParams" xml:space="preserve"><value><![CDATA[true]]></value></entry>
    <entry javaType="java.lang.Boolean" name="alignMultilineTernaryOp" xml:space="preserve"><value><![CDATA[true]]></value></entry>
    <entry javaType="java.lang.Boolean" name="alignMultilineTryResources" xml:space="preserve"><value><![CDATA[true]]></value></entry>
    <entry javaType="java.lang.String" name="continuationIndentSize" xml:space="preserve"><value><![CDATA[4]]></value></entry>
    <entry javaType="java.lang.Boolean" name="enable-indent" xml:space="preserve"><value><![CDATA[true]]></value></entry>
    <entry javaType="java.lang.Boolean" name="enableBlockCommentFormatting" xml:space="preserve"><value><![CDATA[true]]></value></entry>
    <entry javaType="java.lang.Boolean" name="enableCommentFormatting" xml:space="preserve"><value><![CDATA[false]]></value></entry>
    <entry javaType="java.lang.String" name="importGroupsOrder" xml:space="preserve"><value><![CDATA[*;static *]]></value></entry>
    <entry javaType="java.lang.Boolean" name="keepGettersAndSettersTogether" xml:space="preserve"><value><![CDATA[true]]></value></entry>
    <entry javaType="java.lang.String" name="on-save-reformat" xml:space="preserve"><value><![CDATA[always]]></value></entry>
    <entry javaType="java.lang.String" name="on-save-remove-trailing-whitespace" xml:space="preserve"><value><![CDATA[always]]></value></entry>
    <entry javaType="java.lang.Boolean" name="on-save-use-global-settings" xml:space="preserve"><value><![CDATA[false]]></value></entry>
    <entry javaType="java.lang.Boolean" name="on-save.Imports_UNUSED" xml:space="preserve"><value><![CDATA[true]]></value></entry>
    <entry javaType="java.lang.Boolean" name="on-save.org.netbeans.modules.java.hints.OrganizeImports" xml:space="preserve"><value><![CDATA[true]]></value></entry>
    <entry javaType="java.lang.Boolean" name="separateStaticImports" xml:space="preserve"><value><![CDATA[true]]></value></entry>
    <entry javaType="java.lang.Boolean" name="sortMembersInGroups" xml:space="preserve"><value><![CDATA[true]]></value></entry>
    <entry javaType="java.lang.Boolean" name="wrapAfterDotInChainedMethodCalls" xml:space="preserve"><value><![CDATA[false]]></value></entry>
    <entry javaType="java.lang.String" name="wrapAnnotationArgs" xml:space="preserve"><value><![CDATA[WRAP_IF_LONG]]></value></entry>
    <entry javaType="java.lang.String" name="wrapAnnotations" xml:space="preserve"><value><![CDATA[WRAP_NEVER]]></value></entry>
    <entry javaType="java.lang.String" name="wrapArrayInit" xml:space="preserve"><value><![CDATA[WRAP_IF_LONG]]></value></entry>
    <entry javaType="java.lang.String" name="wrapChainedMethodCalls" xml:space="preserve"><value><![CDATA[WRAP_IF_LONG]]></value></entry>
    <entry javaType="java.lang.String" name="wrapDisjunctiveCatchTypes" xml:space="preserve"><value><![CDATA[WRAP_IF_LONG]]></value></entry>
    <entry javaType="java.lang.String" name="wrapEnumConstants" xml:space="preserve"><value><![CDATA[WRAP_IF_LONG]]></value></entry>
    <entry javaType="java.lang.String" name="wrapExtendsImplementsKeyword" xml:space="preserve"><value><![CDATA[WRAP_IF_LONG]]></value></entry>
    <entry javaType="java.lang.String" name="wrapLambdaArrow" xml:space="preserve"><value><![CDATA[WRAP_IF_LONG]]></value></entry>
    <entry javaType="java.lang.String" name="wrapLambdaParams" xml:space="preserve"><value><![CDATA[WRAP_IF_LONG]]></value></entry>
    <entry javaType="java.lang.String" name="wrapThrowsKeyword" xml:space="preserve"><value><![CDATA[WRAP_IF_LONG]]></value></entry>
    <entry name="code-folding-collapse-innerclass" remove="true"/>
    <entry name="code-folding-collapse-javadoc" remove="true"/>
    <entry name="code-folding-collapse-method" remove="true"/>
    <entry name="pair-characters-completion" remove="true"/>
    <entry name="show-deprecated-members" remove="true"/>
</editor-preferences>
